question	number	frequency
1	0	03.501946
7	0	01.945525
1	1	01.55642
7	1	01.55642
1	2	03.11284
7	2	04.280156
1	3	07.782101
7	3	06.614786
1	4	07.782101
7	4	06.225681
1	5	13.22957
7	5	13.22957
1	6	11.28405
7	6	11.28405
1	7	28.40467
7	7	28.40467
1	8	15.5642
7	8	15.5642
1	9	06.225681
7	9	06.225681
